{
  "project_info": {
    "project_number": "947323234114",
    "project_id": "swaply-prod",
    "storage_bucket": "swaply-prod.firebasestorage.app"
  },
  "client": [
    {
      "client_info": {
        "mobilesdk_app_id": "1:947323234114:android:4edeee6387dd3129914adb",
        "android_client_info": {
          "package_name": "cc.swaply.app"
        }
      },
      "oauth_client": [
        {
          "client_id": "947323234114-45dfrjbs5o0lcu6rqunor9tjl55u3t81.apps.googleusercontent.com",
          "client_type": 1,
          "android_info": {
            "package_name": "cc.swaply.app",
            "certificate_hash": "10b7fbc04cb526ca93b27ac331bb15409881188d"
          }
        },
        {
          "client_id": "947323234114-4io83egpk5g4cjelvhkst4kv09g4n797.apps.googleusercontent.com",
          "client_type": 1,
          "android_info": {
            "package_name": "cc.swaply.app",
            "certificate_hash": "0908cb9fe3166925cf8d440ad20fec4347079bd9"
          }
        },
        {
          "client_id": "947323234114-g5sd06ljn4n68dsq4o95khogm1tc48pq.apps.googleusercontent.com",
          "client_type": 3
        }
      ],
      "api_key": [
        {
          "current_key": "AIzaSyCTvySFSQ6Kmnc-yQzGachkncv5k3EjUUk"
        }
      ],
      "services": {
        "appinvite_service": {
          "other_platform_oauth_client": [
            {
              "client_id": "947323234114-g5sd06ljn4n68dsq4o95khogm1tc48pq.apps.googleusercontent.com",
              "client_type": 3
            },
            {
              "client_id": "947323234114-1e3o2rs9cr24lq92k0s531dpgmr2et1e.apps.googleusercontent.com",
              "client_type": 2,
              "ios_info": {
                "bundle_id": "cc.swaply.app"
              }
            }
          ]
        }
      }
    }
  ],
  "configuration_version": "1"
}